{"version":"4.1","basePath":"http://159.203.110.228:28080/yaestawar-1.0","apis":{"Integration":[{"jsondocId":"05bd7fb7-21f1-4fec-acda-351df3d1e433","name":"DATIL API","description":"Methods for managing DATIL INTEGRATION","visibility":"PUBLIC","stage":"RC","group":"Integration","methods":[],"supportedversions":{"since":"0.1","until":"1.0"},"auth":{"type":"NONE","roles":["anonymous"],"testusers":{},"scheme":null,"testtokens":[]}},{"jsondocId":"1e7373f6-1716-44bb-a63f-0fb41a5f7f50","name":"SELLER CENTER API","description":"Methods for managing SELLER CENTER INTEGRATION","visibility":"PUBLIC","stage":"RC","group":"Integration","methods":[{"jsondocerrors":[],"jsondocwarnings":[],"jsondochints":[],"jsondocId":"a3c1f87f-796d-428e-841f-d6a8a984bc45","path":["/sellerCenterIntegration/getSellerUsers"],"method":"getSellerUsers","verb":["GET"],"produces":["application/json"],"consumes":["application/json"],"headers":[],"pathparameters":[],"queryparameters":[],"bodyobject":null,"response":{"jsondocId":"76bce143-c3a1-4c9f-a196-5987bdce504f","jsondocType":{"type":["responseentity","list","selleruser"],"mapKey":null,"mapValue":null,"oneLineText":"responseentity of list of selleruser"}},"responsestatuscode":"200 - OK","visibility":"PUBLIC","stage":"RC","id":"","description":"Get all SELLER users","summary":"","apierrors":[],"supportedversions":{"since":"0.1","until":"1.0"},"auth":{"type":"NONE","roles":["anonymous"],"testusers":{},"scheme":null,"testtokens":[]},"displayMethodAs":"URI","displayedMethodString":["/sellerCenterIntegration/getSellerUsers"]}],"supportedversions":{"since":"0.1","until":"1.0"},"auth":{"type":"NONE","roles":["anonymous"],"testusers":{},"scheme":null,"testtokens":[]}},{"jsondocId":"3b1a9fbd-8412-4ac6-bb92-ba64fdd7fecd","name":"TRAMACO API","description":"Methods for managing TRAMACO INTEGRATION","visibility":"PUBLIC","stage":"RC","group":"Integration","methods":[{"jsondocerrors":["Missing documentation data: path parameter name"],"jsondocwarnings":[],"jsondochints":["Add annotation ApiResponseObject to document the returned object"],"jsondocId":"3c0e271f-e431-432e-9624-eb62a9585b6d","path":["/tramacoIntegration/trackingGuide/{guideNumber}"],"method":"trackingGuide","verb":["GET"],"produces":["application/json"],"consumes":["application/json"],"headers":[],"pathparameters":[{"jsondocerrors":[],"jsondocwarnings":[],"jsondochints":[],"jsondocId":"f80beed0-c5f9-40d6-9590-68ed26bf9f9c","jsondocType":{"type":["string"],"mapKey":null,"mapValue":null,"oneLineText":"string"},"name":"","description":"The guide number","required":"true","allowedvalues":[],"format":"","defaultvalue":null}],"queryparameters":[],"bodyobject":null,"response":null,"responsestatuscode":"200 - OK","visibility":"PUBLIC","stage":"RC","id":"","description":"Tramaco Tracking Service","summary":"","apierrors":[],"supportedversions":{"since":"0.1","until":"1.0"},"auth":{"type":"NONE","roles":["anonymous"],"testusers":{},"scheme":null,"testtokens":[]},"displayMethodAs":"URI","displayedMethodString":["/tramacoIntegration/trackingGuide/{guideNumber}"]},{"jsondocerrors":[],"jsondocwarnings":[],"jsondochints":[],"jsondocId":"b679c217-b75b-430d-86c8-badce2c15817","path":["/tramacoIntegration/authService"],"method":"authService","verb":["GET"],"produces":["application/json"],"consumes":["application/json"],"headers":[],"pathparameters":[],"queryparameters":[],"bodyobject":null,"response":{"jsondocId":"d2abd37f-1a0d-45fd-9eb4-57cdf80a2dbd","jsondocType":{"type":["responseentity","string"],"mapKey":null,"mapValue":null,"oneLineText":"responseentity of string"}},"responsestatuscode":"200 - OK","visibility":"PUBLIC","stage":"RC","id":"","description":"AUTH Tramaco Service","summary":"","apierrors":[],"supportedversions":{"since":"0.1","until":"1.0"},"auth":{"type":"NONE","roles":["anonymous"],"testusers":{},"scheme":null,"testtokens":[]},"displayMethodAs":"URI","displayedMethodString":["/tramacoIntegration/authService"]}],"supportedversions":{"since":"0.1","until":"1.0"},"auth":{"type":"NONE","roles":["anonymous"],"testusers":{},"scheme":null,"testtokens":[]}},{"jsondocId":"22e72373-8a92-4e97-b20a-456d3c264e4e","name":"VTEX API","description":"Methods for managing VTEX INTEGRATION","visibility":"PUBLIC","stage":"RC","group":"Integration","methods":[{"jsondocerrors":["Missing documentation data: path parameter name"],"jsondocwarnings":[],"jsondochints":[],"jsondocId":"5ae0d690-b757-4d4c-9fd1-ae0bc9ec4a4a","path":["/vitextIntegration/getOrderComplete{orderId}"],"method":"getOrderComplete","verb":["GET"],"produces":["application/json"],"consumes":["application/json"],"headers":[],"pathparameters":[{"jsondocerrors":[],"jsondocwarnings":[],"jsondochints":[],"jsondocId":"8430e46b-cb78-486d-9e9c-46bd76a8d2bc","jsondocType":{"type":["string"],"mapKey":null,"mapValue":null,"oneLineText":"string"},"name":"","description":"The order id","required":"true","allowedvalues":[],"format":"","defaultvalue":null}],"queryparameters":[],"bodyobject":null,"response":{"jsondocId":"8222e5a1-3e7f-4c48-8f25-c7f19166eb52","jsondocType":{"type":["responseentity","ordercomplete"],"mapKey":null,"mapValue":null,"oneLineText":"responseentity of ordercomplete"}},"responsestatuscode":"200 - OK","visibility":"PUBLIC","stage":"RC","id":"","description":"Order complete info","summary":"","apierrors":[],"supportedversions":{"since":"0.1","until":"1.0"},"auth":{"type":"NONE","roles":["anonymous"],"testusers":{},"scheme":null,"testtokens":[]},"displayMethodAs":"URI","displayedMethodString":["/vitextIntegration/getOrderComplete{orderId}"]},{"jsondocerrors":[],"jsondocwarnings":[],"jsondochints":[],"jsondocId":"c81e2728-01d2-4389-b4ba-4c8643a10452","path":["/vitextIntegration/cancelOrder"],"method":"cancelOrder","verb":["POST"],"produces":["application/json"],"consumes":["application/json"],"headers":[],"pathparameters":[],"queryparameters":[],"bodyobject":{"jsondocId":"2ca0e2b7-c345-4613-94ab-0cdde982e833","jsondocType":{"type":["ordercompletebean"],"mapKey":null,"mapValue":null,"oneLineText":"ordercompletebean"},"jsondocTemplate":null},"response":{"jsondocId":"4cb8048d-2cc0-4857-9d4f-2b83734f6dd0","jsondocType":{"type":["responseentity","ordercancel"],"mapKey":null,"mapValue":null,"oneLineText":"responseentity of ordercancel"}},"responsestatuscode":"200 - OK","visibility":"PUBLIC","stage":"RC","id":"","description":"Cancel order","summary":"","apierrors":[],"supportedversions":{"since":"0.1","until":"1.0"},"auth":{"type":"NONE","roles":["anonymous"],"testusers":{},"scheme":null,"testtokens":[]},"displayMethodAs":"URI","displayedMethodString":["/vitextIntegration/cancelOrder"]},{"jsondocerrors":[],"jsondocwarnings":[],"jsondochints":[],"jsondocId":"9da40725-ab44-4d04-a2e4-84c6006d197f","path":["/vitextIntegration/invoiceOrder"],"method":"invoiceOrder","verb":["POST"],"produces":["application/json"],"consumes":["application/json"],"headers":[],"pathparameters":[],"queryparameters":[],"bodyobject":{"jsondocId":"6075c0ad-b506-4674-8d4b-68aab2eb8521","jsondocType":{"type":["ordercompletebean"],"mapKey":null,"mapValue":null,"oneLineText":"ordercompletebean"},"jsondocTemplate":null},"response":{"jsondocId":"9db0b5fb-b8a9-4256-9da9-7ae5466afa9a","jsondocType":{"type":["responseentity","facturarespuestasri"],"mapKey":null,"mapValue":null,"oneLineText":"responseentity of facturarespuestasri"}},"responsestatuscode":"200 - OK","visibility":"PUBLIC","stage":"RC","id":"","description":"Invoice order","summary":"","apierrors":[],"supportedversions":{"since":"0.1","until":"1.0"},"auth":{"type":"NONE","roles":["anonymous"],"testusers":{},"scheme":null,"testtokens":[]},"displayMethodAs":"URI","displayedMethodString":["/vitextIntegration/invoiceOrder"]},{"jsondocerrors":[],"jsondocwarnings":[],"jsondochints":[],"jsondocId":"71510911-99ea-4841-9109-04f4aad53a38","path":["/vitextIntegration/getOrdersVitexRest"],"method":"getOrdersVitexRest","verb":["GET"],"produces":["application/json"],"consumes":["application/json"],"headers":[],"pathparameters":[],"queryparameters":[],"bodyobject":null,"response":{"jsondocId":"c0e208a7-0aa3-4faa-9680-caaf99e48acf","jsondocType":{"type":["responseentity","orderschemacontainerbean"],"mapKey":null,"mapValue":null,"oneLineText":"responseentity of orderschemacontainerbean"}},"responsestatuscode":"200 - OK","visibility":"PUBLIC","stage":"RC","id":"","description":"OrderSchema page query","summary":"","apierrors":[],"supportedversions":{"since":"0.1","until":"1.0"},"auth":{"type":"NONE","roles":["anonymous"],"testusers":{},"scheme":null,"testtokens":[]},"displayMethodAs":"URI","displayedMethodString":["/vitextIntegration/getOrdersVitexRest"]}],"supportedversions":{"since":"0.1","until":"1.0"},"auth":{"type":"NONE","roles":["anonymous"],"testusers":{},"scheme":null,"testtokens":[]}}],"Persistence":[{"jsondocId":"e2b81943-46c1-47b4-a7a8-57c8faf32a34","name":"CoberturaTCC API","description":"Methods for managing TCC places","visibility":"PUBLIC","stage":"RC","group":"Persistence","methods":[{"jsondocerrors":[],"jsondocwarnings":[],"jsondochints":[],"jsondocId":"92f6d2cc-766f-46a9-acb3-61adaa046544","path":["/coberturaTcc/getAll"],"method":"getAll","verb":["GET"],"produces":["application/json"],"consumes":["application/json"],"headers":[],"pathparameters":[],"queryparameters":[],"bodyobject":null,"response":{"jsondocId":"4dd9ff0e-f614-4a13-ad4b-11137b65b286","jsondocType":{"type":["responseentity","list","coberturatcc"],"mapKey":null,"mapValue":null,"oneLineText":"responseentity of list of coberturatcc"}},"responsestatuscode":"200 - OK","visibility":"PUBLIC","stage":"RC","id":"","description":"Get all TCC places","summary":"","apierrors":[],"supportedversions":{"since":"0.1","until":"1.0"},"auth":{"type":"NONE","roles":["anonymous"],"testusers":{},"scheme":null,"testtokens":[]},"displayMethodAs":"URI","displayedMethodString":["/coberturaTcc/getAll"]}],"supportedversions":{"since":"0.1","until":"1.0"},"auth":{"type":"NONE","roles":["anonymous"],"testusers":{},"scheme":null,"testtokens":[]}},{"jsondocId":"2daae069-57ba-4d28-9855-b3e91c8f82f8","name":"Guide API","description":"Methods for managing orders","visibility":"PUBLIC","stage":"RC","group":"Persistence","methods":[{"jsondocerrors":[],"jsondocwarnings":[],"jsondochints":[],"jsondocId":"85f30865-2d11-492e-a10b-f50b8972116e","path":["/guide/getAll"],"method":"getAll","verb":["GET"],"produces":["application/json"],"consumes":["application/json"],"headers":[],"pathparameters":[],"queryparameters":[],"bodyobject":null,"response":{"jsondocId":"ff210b2d-73cf-4e35-937d-9fc51f337d4b","jsondocType":{"type":["responseentity","list","guide"],"mapKey":null,"mapValue":null,"oneLineText":"responseentity of list of guide"}},"responsestatuscode":"200 - OK","visibility":"PUBLIC","stage":"RC","id":"","description":"Get all guides","summary":"","apierrors":[],"supportedversions":{"since":"0.1","until":"1.0"},"auth":{"type":"NONE","roles":["anonymous"],"testusers":{},"scheme":null,"testtokens":[]},"displayMethodAs":"URI","displayedMethodString":["/guide/getAll"]}],"supportedversions":{"since":"0.1","until":"1.0"},"auth":{"type":"NONE","roles":["anonymous"],"testusers":{},"scheme":null,"testtokens":[]}},{"jsondocId":"5772e7c7-304f-4177-ba21-fe3afca474e9","name":"Order API","description":"Methods for managing orders","visibility":"PUBLIC","stage":"RC","group":"Persistence","methods":[{"jsondocerrors":[],"jsondocwarnings":[],"jsondochints":[],"jsondocId":"06453a12-be2f-4fcf-b02e-af0228192426","path":["/order/getAll"],"method":"getAll","verb":["GET"],"produces":["application/json"],"consumes":["application/json"],"headers":[],"pathparameters":[],"queryparameters":[],"bodyobject":null,"response":{"jsondocId":"5c926c53-4827-4d28-a330-04da728b314c","jsondocType":{"type":["responseentity","list","order"],"mapKey":null,"mapValue":null,"oneLineText":"responseentity of list of order"}},"responsestatuscode":"200 - OK","visibility":"PUBLIC","stage":"RC","id":"","description":"Get all orders","summary":"","apierrors":[],"supportedversions":{"since":"0.1","until":"1.0"},"auth":{"type":"NONE","roles":["anonymous"],"testusers":{},"scheme":null,"testtokens":[]},"displayMethodAs":"URI","displayedMethodString":["/order/getAll"]}],"supportedversions":{"since":"0.1","until":"1.0"},"auth":{"type":"NONE","roles":["anonymous"],"testusers":{},"scheme":null,"testtokens":[]}},{"jsondocId":"397714cc-dbb1-46dd-8b81-e8f7465a44a8","name":"Supplier API","description":"Methods for managing supplier","visibility":"PUBLIC","stage":"RC","group":"Persistence","methods":[{"jsondocerrors":[],"jsondocwarnings":[],"jsondochints":["Add annotation ApiResponseObject to document the returned object"],"jsondocId":"f8723ecb-02d5-401a-be6c-2e3160e32260","path":["/supplier/getAll"],"method":"getAll","verb":["GET"],"produces":["application/json"],"consumes":["application/json"],"headers":[],"pathparameters":[],"queryparameters":[],"bodyobject":null,"response":null,"responsestatuscode":"200 - OK","visibility":"PUBLIC","stage":"RC","id":"","description":"Get all supplier","summary":"","apierrors":[],"supportedversions":{"since":"0.1","until":"1.0"},"auth":{"type":"NONE","roles":["anonymous"],"testusers":{},"scheme":null,"testtokens":[]},"displayMethodAs":"URI","displayedMethodString":["/supplier/getAll"]},{"jsondocerrors":["Missing documentation data: path parameter name"],"jsondocwarnings":[],"jsondochints":[],"jsondocId":"4e71f14a-906a-455f-848d-d67094be1ef3","path":["/supplier/findById"],"method":"findById","verb":["GET"],"produces":["application/json"],"consumes":["application/json"],"headers":[],"pathparameters":[{"jsondocerrors":[],"jsondocwarnings":[],"jsondochints":[],"jsondocId":"592ab3dd-6fca-4ddb-b099-d196b98fade4","jsondocType":{"type":["long"],"mapKey":null,"mapValue":null,"oneLineText":"long"},"name":"","description":"The supplier id","required":"true","allowedvalues":[],"format":"","defaultvalue":null}],"queryparameters":[],"bodyobject":null,"response":{"jsondocId":"80158212-1464-43b6-8714-61fbfee4759a","jsondocType":{"type":["responseentity","supplier"],"mapKey":null,"mapValue":null,"oneLineText":"responseentity of supplier"}},"responsestatuscode":"200 - OK","visibility":"PUBLIC","stage":"RC","id":"","description":"Find Supplier by ID","summary":"","apierrors":[],"supportedversions":{"since":"0.1","until":"1.0"},"auth":{"type":"NONE","roles":["anonymous"],"testusers":{},"scheme":null,"testtokens":[]},"displayMethodAs":"URI","displayedMethodString":["/supplier/findById"]}],"supportedversions":{"since":"0.1","until":"1.0"},"auth":{"type":"NONE","roles":["anonymous"],"testusers":{},"scheme":null,"testtokens":[]}},{"jsondocId":"9a23503f-c773-46a4-927a-7e7af24815e9","name":"TRAMACO ZONE API","description":"Methods for managing TRAMACO places","visibility":"PUBLIC","stage":"RC","group":"Persistence","methods":[{"jsondocerrors":[],"jsondocwarnings":[],"jsondochints":[],"jsondocId":"ce880335-587a-44e8-bbed-2abd46a1a0e8","path":["/tramacoZone/getAll"],"method":"getAll","verb":["GET"],"produces":["application/json"],"consumes":["application/json"],"headers":[],"pathparameters":[],"queryparameters":[],"bodyobject":null,"response":{"jsondocId":"53467ced-9686-4638-9231-4ddf860a6751","jsondocType":{"type":["responseentity","list","tramacozone"],"mapKey":null,"mapValue":null,"oneLineText":"responseentity of list of tramacozone"}},"responsestatuscode":"200 - OK","visibility":"PUBLIC","stage":"RC","id":"","description":"Get all TRAMACO places","summary":"","apierrors":[],"supportedversions":{"since":"0.1","until":"1.0"},"auth":{"type":"NONE","roles":["anonymous"],"testusers":{},"scheme":null,"testtokens":[]},"displayMethodAs":"URI","displayedMethodString":["/tramacoZone/getAll"]}],"supportedversions":{"since":"0.1","until":"1.0"},"auth":{"type":"NONE","roles":["anonymous"],"testusers":{},"scheme":null,"testtokens":[]}}]},"objects":{},"flows":{},"global":null,"playgroundEnabled":true,"displayMethodAs":"URI"}